<?xml version="1.0"?>
<archive xmlns="http://rs.tdwg.org/dwc/text/" metadata="eml.xml">
  <core encoding="UTF-8" linesTerminatedBy="\r\n" fieldsTerminatedBy="\t" fieldsEnclosedBy="" ignoreHeaderLines="1" rowType="http://rs.tdwg.org/dwc/terms/Occurrence">
    <files>
      <location>CoreData.txt</location>
    </files>
    <id index="0" />
    <field index="1" term="http://rs.tdwg.org/dwc/terms/basisOfRecord" />
    <field index="2" term="http://rs.tdwg.org/dwc/terms/occurrenceID" />
    <field index="3" term="http://rs.tdwg.org/dwc/terms/taxonRank" />
    <field index="4" term="http://rs.tdwg.org/dwc/terms/kingdom" />
    <field index="5" term="http://rs.tdwg.org/dwc/terms/phylum" />
    <field index="6" term="http://rs.tdwg.org/dwc/terms/class" />
    <field index="7" term="http://rs.tdwg.org/dwc/terms/order" />
    <field index="8" term="http://rs.tdwg.org/dwc/terms/family" />
    <field index="9" term="http://rs.tdwg.org/dwc/terms/genus" />
    <field index="10" term="http://rs.tdwg.org/dwc/terms/scientificName" />
    <field index="11" term="http://rs.tdwg.org/dwc/terms/vernacularName" />
    <field index="12" term="http://purl.org/dc/terms/language" />
    <field index="13" term="http://rs.tdwg.org/dwc/terms/continent" />
    <field index="14" term="http://rs.tdwg.org/dwc/terms/country" />
    <field index="15" term="http://rs.tdwg.org/dwc/terms/countryCode" />
    <field index="16" term="http://rs.tdwg.org/dwc/terms/stateProvince" />
    <field index="17" term="http://rs.tdwg.org/dwc/terms/decimalLongitude" />
    <field index="18" term="http://rs.tdwg.org/dwc/terms/decimalLatitude" />
    <field index="19" term="http://rs.tdwg.org/dwc/terms/geodeticDatum" />
    <field index="20" term="http://rs.tdwg.org/dwc/terms/coordinatePrecision" />
    <field index="21" term="http://rs.tdwg.org/dwc/terms/specificEpithet" />
    <field index="22" term="http://rs.tdwg.org/dwc/terms/infraspecificEpithet" />
    <field index="23" term="http://rs.tdwg.org/dwc/terms/eventDate" />
  </core>
  <extension encoding="UTF-8" linesTerminatedBy="\r\n" fieldsTerminatedBy="\t" fieldsEnclosedBy="&quot;" ignoreHeaderLines="1" rowType="http://rs.gbif.org/terms/1.0/VernacularName">
    <files>
      <location>VernacularNames.txt</location>
    </files>
    <coreid index="0" />
    <field index="1" term="http://rs.tdwg.org/dwc/terms/vernacularName" />
    <field index="2" term="http://purl.org/dc/terms/language" />
  </extension>
</archive>